,Title,Production Company
0,Academy Award Review of Walt Disney Cartoons,['Walt Disney Productions']
1,Snow White and the Seven Dwarfs,['Walt Disney Productions']
2,Pinocchio,['Walt Disney Productions']
3,Fantasia,['Walt Disney Productions']
4,The Reluctant Dragon,['Walt Disney Productions']
5,Dumbo,['Walt Disney Productions']
6,Bambi,['Walt Disney Productions']
7,Saludos Amigos,['Walt Disney Productions']
8,Victory Through Air Power,['Walt Disney Productions']
9,The Three Caballeros,['Walt Disney Productions']
10,Make Mine Music,['Walt Disney Productions']
11,Song of the South,['Walt Disney Productions']
12,Fun and Fancy Free,['Walt Disney Productions']
13,Melody Time,['Walt Disney Productions']
14,So Dear to My Heart,['Walt Disney Productions']
15,The Adventures of Ichabod andMr. Toad,['Walt Disney Productions']
16,Cinderella,['Walt Disney Productions']
17,Treasure Island,['Walt Disney Productions']
18,Alice in Wonderland,['Walt Disney Productions']
19,The Story of Robin Hood,"['Walt Disney Productions', 'RKO Radio Pictures, Inc.']"
20,Peter Pan,['Walt Disney Productions']
21,The Sword and the Rose,['Walt Disney Productions']
22,The Living Desert,['Walt Disney Productions']
23,Rob Roy: The Highland Rogue,['Walt Disney Productions']
24,The Vanishing Prairie,['Walt Disney Productions']
25,"20,000 Leagues Under the Sea",['Walt Disney Productions']
26,Davy Crockett: King of the Wild Frontier,['Walt Disney Productions']
27,Lady and the Tramp,['Walt Disney Productions']
28,The African Lion,['Walt Disney Productions']
29,The Littlest Outlaw,['Walt Disney Productions']
30,The Great Locomotive Chase,['Walt Disney Productions']
31,Davy Crockett and the River Pirates,['Walt Disney Productions']
32,Secrets of Life,['Walt Disney Productions']
33,Westward Ho the Wagons!,['Walt Disney Productions']
34,Johnny Tremain,['Walt Disney Productions']
35,Perri,['Walt Disney Productions']
36,Old Yeller,['Walt Disney Productions']
37,The Light in the Forest,['Walt Disney Productions']
38,White Wilderness,['Walt Disney Productions']
39,Tonka,['Walt Disney Productions']
40,Sleeping Beauty,['Walt Disney Productions']
41,The Shaggy Dog,['Walt Disney Productions']
42,Darby O'Gill and the Little People,['Walt Disney Productions']
43,Zorro,['Walt Disney Productions']
44,Third Man on the Mountain,['Walt Disney Productions']
45,Toby Tyler or 10 Weeks with a Circus,['Walt Disney Productions']
46,Kidnapped,['Walt Disney Productions']
47,Pollyanna,['Walt Disney Productions']
48,Zorro,['Walt Disney Productions']
49,Jungle Cat,['Walt Disney Productions']
50,Ten Who Dared,['Walt Disney Productions']
51,Swiss Family Robinson,['Walt Disney Productions']
52,One Hundred and One Dalmatians,['Walt Disney Productions']
53,The Absent-Minded Professor,['Walt Disney Productions']
54,The Parent Trap,['Walt Disney Productions']
55,Nikki: Wild Dog of the North,['Walt Disney Productions']
56,Greyfriars Bobby,['Walt Disney Productions']
57,Babes in Toyland,['Walt Disney Productions']
58,Moon Pilot,['Walt Disney Productions']
59,Bon Voyage!,['Walt Disney Productions']
60,Big Red,['Walt Disney Productions']
61,Almost Angels,['Walt Disney Productions']
62,The Legend of Lobo,['Walt Disney Productions']
63,In Search of the Castaways,['Walt Disney Productions']
64,Son of Flubber,['Walt Disney Productions']
65,Miracle of the White Stallions,['Walt Disney Productions']
66,Savage Sam,['Walt Disney Productions']
67,Summer Magic,['Walt Disney Productions']
68,The Incredible Journey,['Walt Disney Productions']
69,The Sword in the Stone,['Walt Disney Productions']
70,A Tiger Walks,['Walt Disney Productions']
71,The Misadventures of Merlin Jones,['Walt Disney Productions']
72,The Three Lives of Thomasina,['Walt Disney Productions']
73,The Moon-Spinners,['Walt Disney Productions']
74,Mary Poppins,['Walt Disney Productions']
75,Emil and the Detectives,['Walt Disney Productions']
76,Those Calloways,['Walt Disney Productions']
77,The Monkey's Uncle,['Walt Disney Productions']
78,That Darn Cat!,['Walt Disney Productions']
79,The Ugly Dachshund,['Walt Disney Productions']
80,"Lt. Robin Crusoe, U.S.N.",['Walt Disney Productions']
81,The Fighting Prince of Donegal,['Walt Disney Productions']
82,"Follow Me, Boys!",['Walt Disney Productions']
83,"Monkeys, Go Home!",['Walt Disney Productions']
84,The Adventures of Bullwhip Griffin,['Walt Disney Productions']
85,The Gnome-Mobile,['Walt Disney Productions']
86,The Jungle Book,['Walt Disney Productions']
87,"Charlie, the Lonesome Cougar",['Walt Disney Productions']
88,The Happiest Millionaire,['Walt Disney Productions']
89,Blackbeard's Ghost,['Walt Disney Productions']
90,"The One and Only, Genuine, Original Family Band",['Walt Disney Productions']
91,Never a Dull Moment,['Walt Disney Productions']
92,The Horse in the Gray Flannel Suit,['Walt Disney Productions']
93,The Love Bug,['Walt Disney Productions']
94,Smith!,['Walt Disney Productions']
95,Rascal,['Walt Disney Productions']
96,The Computer Wore Tennis Shoes,['Walt Disney Productions']
97,King of the Grizzlies,['Walt Disney Productions']
98,The Boatniks,['Walt Disney Productions']
99,The Wild Country,['Walt Disney Productions']
100,The Aristocats,['Walt Disney Productions']
101,The Barefoot Executive,['Walt Disney Productions']
102,Scandalous John,['Walt Disney Productions']
103,The Million Dollar Duck,['Walt Disney Productions']
104,Bedknobs and Broomsticks,['Walt Disney Productions']
105,The Biscuit Eater,['Walt Disney Productions']
106,"Now You See Him, Now You Don't",['Walt Disney Productions']
107,Napoleon and Samantha,['Walt Disney Productions']
108,"Run, Cougar, Run",['Walt Disney Productions']
109,Snowball Express,['Walt Disney Productions']
110,The World's Greatest Athlete,['Walt Disney Productions']
111,Charley and the Angel,['Walt Disney Productions']
112,One Little Indian,['Walt Disney Productions']
113,Robin Hood,['Walt Disney Productions']
114,Superdad,['Walt Disney Productions']
115,Herbie Rides Again,['Walt Disney Productions']
116,The Bears and I,['Walt Disney Productions']
117,The Castaway Cowboy,['Walt Disney Productions']
118,The Island at the Top of the World,['Walt Disney Productions']
119,The Strongest Man in the World,['Walt Disney Productions']
120,Escape to Witch Mountain,['Walt Disney Productions']
121,The Apple Dumpling Gang,['Walt Disney Productions']
122,One of Our Dinosaurs is Missing,['Walt Disney Productions']
123,The Best of Walt Disney's True-Life Adventures,['Walt Disney Productions']
124,Ride a Wild Pony,['Walt Disney Productions']
125,"No Deposit, No Return",['Walt Disney Productions']
126,Treasure of Matecumbe,['Walt Disney Productions']
127,Gus,['Walt Disney Productions']
128,The Shaggy D.A.,['Walt Disney Productions']
129,Freaky Friday: The Movie,['Walt Disney Productions']
130,Escape from the Dark,['Walt Disney Productions']
131,The Many Adventures of Winnie the Pooh,['Walt Disney Productions']
132,A Tale of Two Critters,['Walt Disney Productions']
133,The Rescuers,['Walt Disney Productions']
134,Herbie Goes to Monte Carlo,['Walt Disney Productions']
135,Pete's Dragon,['Walt Disney Productions']
136,Candleshoe,['Walt Disney Productions']
137,Return from Witch Mountain,['Walt Disney Productions']
138,The Cat from Outer Space,['Walt Disney Productions']
139,Hot Lead and Cold Feet,['Walt Disney Productions']
140,The North Avenue Irregulars,['Walt Disney Productions']
141,The Apple Dumpling Gang Rides Again,['Walt Disney Productions']
142,Unidentified Flying Oddball,['Walt Disney Productions']
143,The Black Hole,['Walt Disney Productions']
144,The Omega Connection,['Walt Disney Productions']
145,Midnight Madness,['Walt Disney Productions']
146,The Watcher in the Woods,['Walt Disney Productions']
147,Herbie Goes Bananas,['Walt Disney Productions']
148,The Last Flight of Noah's Ark,['Walt Disney Productions']
149,Popeye,"['Paramount Pictures', 'Walt Disney Productions', 'Robert Evans Productions']"
150,The Devil and Max Devlin,['Walt Disney Productions']
151,Amy,['Walt Disney Productions']
152,Dragonslayer,"['Paramount Pictures', 'Walt Disney Productions']"
153,The Fox and the Hound,['Walt Disney Productions']
154,Condorman,['Walt Disney Productions']
155,Night Crossing,['Walt Disney Productions']
156,Tron,"['Walt Disney Productions', 'Lisberger-Kushner Productions']"
157,Tex,['Walt Disney Productions']
158,Trenchcoat,['Walt Disney Productions (uncredited)']
159,Something Wicked This Way Comes,"['Walt Disney Productions', 'The Bryna Company']"
160,Never Cry Wolf,"['Walt Disney Pictures', 'Amarok Productions Ltd.']"
161,Return to Oz,"['Walt Disney Pictures', 'Silver Screen Partners ']"
162,The Black Cauldron,"['Walt Disney Pictures', 'Walt Disney Feature Animation', 'Silver Screen Partners II']"
163,The Journey of Natty Gann,"['Walt Disney Pictures', 'Silver Screen Partners II']"
164,One Magic Christmas,"['Walt Disney Pictures', 'Silver Screen Partners II', 'Telefilm Canada']"
165,The Great Mouse Detective,"['Walt Disney Pictures', 'Walt Disney Feature Animation', 'Silver Screen Partners II']"
166,Flight of the Navigator,"['PSO Productions', 'Viking Film AS']"
167,Benji the Hunted,"['Walt Disney Pictures', 'Mulberry Square Productions', 'Silver Screen Partners III']"
168,The Man from Snowy River II,"['Walt Disney Pictures', 'Silver Screen Partners III', 'Burrowes Film Group', 'The Hoyts Group']"
169,Oliver & Company,"['Walt Disney Pictures', 'Walt Disney Feature Animation', 'Silver Screen Partners III']"
170,"Honey, I Shrunk the Kids","['Walt Disney Pictures ', 'Silver Screen Partners III']"
171,Cheetah,"['Walt Disney Pictures', 'Silver Screen Partners III']"
172,The Little Mermaid,"['Walt Disney Pictures', 'Walt Disney Feature Animation', 'Silver Screen Partners IV']"
173,DuckTales the Movie: Treasure of the Lost Lamp,"['Walt Disney Pictures', 'Disney MovieToons', 'Walt Disney Animation France']"
174,The Rescuers Down Under,"['Walt Disney Pictures', 'Walt Disney Feature Animation', 'Silver Screen Partners IV']"
175,White Fang,"['Walt Disney Pictures', 'Silver Screen Partners IV']"
176,Shipwrecked,"['Walt Disney Pictures', 'AB Svensk Filmindustri']"
177,Wild Hearts Can't Be Broken,['Walt Disney Pictures']
178,The Rocketeer,"['Walt Disney Pictures (North America)', 'Touchstone Pictures (International)', 'Silver Screen Partners IV', 'Gordon Company']"
179,Beauty and the Beast,"['Walt Disney Pictures', 'Walt Disney Feature Animation', 'Silver Screen Partners IV']"
180,Newsies,['Walt Disney Pictures']
181,"Honey, I Blew Up the Kid","['Walt Disney Pictures', 'Touchwood Pacific Partners']"
182,The Mighty Ducks,"['Walt Disney Pictures', 'Avnet–Kerner Productions', 'Touchwood Pacific Partners']"
183,Aladdin,"['Walt Disney Pictures', 'Walt Disney Feature Animation']"
184,The Muppet Christmas Carol,"['Walt Disney Pictures', 'Jim Henson Productions']"
185,Homeward Bound: The Incredible Journey,['Walt Disney Pictures']
186,A Far Off Place,"['Walt Disney Pictures', 'Amblin Entertainment', 'Touchwood Pacific Partners']"
187,The Adventures of Huck Finn,['Walt Disney Pictures']
188,Hocus Pocus,['Walt Disney Pictures']
189,Cool Runnings,['Walt Disney Pictures']
190,The Three Musketeers,"['Walt Disney Pictures', 'Caravan Pictures', 'Avnet–Kerner Productions (uncredited)']"
191,Iron Will,['Walt Disney Pictures']
192,Blank Check,['Walt Disney Pictures']
193,D2: The Mighty Ducks,"['Walt Disney Pictures', 'Avnet–Kerner Productions']"
194,White Fang 2: Myth of the White Wolf,['Walt Disney Pictures']
195,The Lion King,"['Walt Disney Pictures', 'Walt Disney Feature Animation']"
196,Angels in the Outfield,"['Walt Disney Pictures', 'Caravan Pictures']"
197,Squanto: A Warrior's Tale,['Walt Disney Pictures']
198,The Santa Clause,"['Walt Disney Pictures', 'Hollywood Pictures', 'Outlaw Productions']"
199,Rudyard Kipling's The Jungle Book,"['Baloo Productions', 'Jungle Book Films', 'Walt Disney Pictures']"
200,Heavyweights,"['Walt Disney Pictures', 'Caravan Pictures']"
201,Man of the House,"['Walt Disney Pictures', 'All Girl Productions', 'Orr & Cruickshank Productions']"
202,Tall Tale,"['Walt Disney Pictures', 'Caravan Pictures']"
203,A Goofy Movie,"['Walt Disney Pictures', 'Disney MovieToons', 'Walt Disney Television Animation[a]']"
204,Pocahontas,"['Walt Disney Pictures', 'Walt Disney Feature Animation']"
205,Operation Dumbo Drop,"['Walt Disney Pictures ', 'Interscope Communications ', 'PolyGram Filmed Entertainment']"
206,A Kid in King Arthur's Court,"['Walt Disney Pictures', 'Trimark Pictures', 'Tapestry Films']"
207,The Big Green,"['Walt Disney Pictures', 'Caravan Pictures', 'Roger Birnbaum Productions']"
208,Frank and Ollie,"['Walt Disney Pictures', ' Theodore Thomas Productions']"
209,Toy Story,"['Walt Disney Pictures', 'Pixar Animation Studios']"
210,Tom and Huck,['Walt Disney Pictures']
211,Muppet Treasure Island,"['Walt Disney Pictures', 'Jim Henson Productions']"
212,Homeward Bound II:Lost in San Francisco,['Walt Disney Pictures']
213,James and the Giant Peach,"['Walt Disney Pictures', 'Allied Filmmakers', 'Skellington Productions']"
214,The Hunchback of Notre Dame,"['Walt Disney Pictures', 'Walt Disney Feature Animation']"
215,First Kid,"['Walt Disney Pictures ', 'Caravan Pictures ', 'Roger Birnbaum Productions']"
216,D3: The Mighty Ducks,"['Walt Disney Pictures', 'Avnet-Kerner Productions']"
217,101 Dalmatians,"['Walt Disney Pictures', 'Great Oaks Entertainment']"
218,That Darn Cat,"['Walt Disney Pictures', 'Robert Simonds Productions']"
219,Jungle 2 Jungle,"['Walt Disney Pictures', 'TF1 International']"
220,Hercules,"['Walt Disney Pictures', 'Walt Disney Feature Animation']"
221,George of the Jungle,"['Walt Disney Pictures', 'Mandeville Films', 'Jay Ward Productions', 'The Kerner Entertainment Company']"
222,Air Bud,"['Keystone Pictures', 'Buddy Films, Inc.']"
223,RocketMan,"['Walt Disney Pictures ', 'Caravan Pictures ', 'Roger Birnbaum Productions']"
224,Flubber,"['Walt Disney Pictures', 'Great Oaks']"
225,Mr. Magoo,"['Walt Disney Pictures', 'UPA Productions']"
226,Meet the Deedles,"['Walt Disney Pictures', 'DIC Entertainment', 'Peak Productions']"
227,Mulan,"['Walt Disney Pictures', 'Walt Disney Feature Animation']"
228,The Parent Trap,['Walt Disney Pictures']
229,I'll Be Home for Christmas,"['Walt Disney Pictures', 'Mandeville Films']"
230,A Bug's Life,"['Walt Disney Pictures', 'Pixar Animation Studios']"
231,Mighty Joe Young,"['Walt Disney Pictures', 'RKO Pictures', 'The Jacobson Company']"
232,My Favorite Martian,['Walt Disney Pictures']
233,Doug's 1st Movie,"['Walt Disney Pictures', 'Jumbo Pictures', 'Walt Disney Television Animation', 'Plus One Animation']"
234,Endurance,['Walt Disney Pictures']
235,Tarzan,"['Walt Disney Pictures', 'Walt Disney Feature Animation']"
236,Inspector Gadget,"['Walt Disney Pictures', 'Caravan Pictures', 'DIC Entertainment', 'Avnet/Kerner Productions', 'Roger Birnbaum Productions']"
237,The Straight Story,"['Asymmetrical Productions', 'Canal+', 'FilmFour Productions', 'Ciby 2000', 'Le Studio Canal+']"
238,Toy Story 2,"['Walt Disney Pictures', 'Pixar Animation Studios']"
239,Fantasia 2000,"['Walt Disney Pictures', 'Walt Disney Feature Animation']"
240,The Tigger Movie,"['Walt Disney Television Animation', 'Walt Disney Animation Japan', 'Walt Disney Pictures']"
241,Whispers: An Elephant's Tale,['Walt Disney Pictures']
242,Dinosaur,"['Walt Disney Pictures', 'Walt Disney Feature Animation', 'The Secret Lab']"
243,Disney's The Kid,"['Walt Disney Pictures', 'Junction Entertainment']"
244,Remember the Titans,"['Walt Disney Pictures', 'Jerry Bruckheimer Films', 'Technical Black Films']"
245,102 Dalmatians,"['Walt Disney Pictures', 'Cruella Productions', 'Kanzaman S.A.M. Films']"
246,The Emperor's New Groove,"['Walt Disney Pictures', 'Walt Disney Feature Animation']"
247,Recess: School's Out,"['Walt Disney Pictures', 'Walt Disney Television Animation', 'Walt Disney Television Animation Digital Production', 'Paul & Joe Productions', 'Sunwoo Animation', 'Sunwoo Digital International']"
248,Atlantis: The Lost Empire,"['Walt Disney Pictures', 'Walt Disney Feature Animation']"
249,The Princess Diaries,"['Walt Disney Pictures', 'BrownHouse Productions']"
250,Max Keeble's Big Move,"['Walt Disney Pictures', 'Karz Entertainment']"
251,"Monsters, Inc.","['Walt Disney Pictures', 'Pixar Animation Studios']"
252,Snow Dogs,"['Walt Disney Pictures', 'The Kerner Entertainment Company']"
253,Return to Never Land,"['Walt Disney Pictures', 'Disney MovieToons', 'Walt Disney Television Animation']"
254,The Rookie,"['Walt Disney Pictures', 'Gran Via']"
255,Lilo & Stitch,"['Walt Disney Pictures', 'Walt Disney Feature Animation']"
256,The Country Bears,['Walt Disney Pictures']
257,Spirited Away,['Studio Ghibli']
258,Tuck Everlasting,"['Walt Disney Pictures', 'Scholastic Studios']"
259,The Santa Clause 2,"['Walt Disney Pictures', 'Outlaw Productions', 'Boxing Cat Films']"
260,Treasure Planet,"['Walt Disney Pictures', 'Walt Disney Feature Animation']"
261,The Jungle Book 2,"['DisneyToon Studios', 'Walt Disney Pictures']"
262,Piglet's Big Movie,"['DisneyToon Studios', 'Walt Disney Pictures']"
263,Ghosts of the Abyss,"['Walden Media', 'Earthship Productions', 'Ascot Elite Entertainment Group', 'Golden Village', 'Telepool', 'UGC PH']"
264,Holes,"['Walt Disney Pictures', 'Walden Media', 'Phoenix Pictures', 'Chicago Pacific Entertainment']"
265,The Lizzie McGuire Movie,"['Walt Disney Pictures', 'Stan Rogow Productions']"
266,Finding Nemo,"['Walt Disney Pictures', 'Pixar Animation Studios']"
267,Pirates of the Caribbean:The Curse of the Black Pearl,"['Walt Disney Pictures', 'Jerry Bruckheimer Films']"
268,Freaky Friday,"['Walt Disney Pictures', 'Gunn Films']"
269,Brother Bear,"['Walt Disney Pictures', 'Walt Disney Feature Animation']"
270,The Haunted Mansion,['Walt Disney Pictures']
271,The Young Black Stallion,"['Walt Disney Pictures', 'The Kennedy/Marshall Company']"
272,Teacher's Pet,"['Walt Disney Pictures', 'Walt Disney Television Animation', 'Toon City Animation']"
273,Miracle,"['Walt Disney Pictures', 'Mayhem Pictures']"
274,Confessions of a Teenage Drama Queen,['Walt Disney Pictures']
275,Home on the Range,"['Walt Disney Pictures', 'Walt Disney Feature Animation']"
276,Sacred Planet,['Walt Disney Pictures']
277,Around the World in 80 Days,"['Walt Disney Pictures', 'Walden Media', 'Spanknyce Films', 'Mostow/Lieberman Productions']"
278,America's Heart and Soul,"['Walt Disney Pictures', 'Blacklight Films']"
279,The Princess Diaries 2:Royal Engagement,"['Walt Disney Pictures', 'ShondaLand', 'Martin Chase Productions']"
280,The Incredibles,"['Walt Disney Pictures', 'Pixar Animation Studios']"
281,National Treasure,"['Walt Disney Pictures', 'Jerry Bruckheimer Films', 'Junction Entertainment', 'Saturn Films']"
282,Aliens of the Deep,"['Walt Disney Pictures', 'Walden Media', 'Earthship Productions']"
283,Pooh's Heffalump Movie,"['Walt Disney Pictures', 'Disneytoon Studios']"
284,The Pacifier,"['Walt Disney Pictures', 'Spyglass Entertainment']"
285,Ice Princess,"['Walt Disney Pictures', 'Bridget Johnson Films', 'On The Ice Productions']"
286,Herbie: Fully Loaded,"['Walt Disney Pictures', 'Robert Simonds Productions']"
287,Howl's Moving Castle,['Studio Ghibli']
288,Sky High,"['Walt Disney Pictures', 'Gunn Films']"
289,Valiant,"['Vanguard Animation', 'Ealing Studios', 'UK Film Council', 'Take Film Partnerships', 'Odyssey Entertainment']"
290,The Greatest Game Ever Played,['Walt Disney Pictures']
291,Chicken Little,"['Walt Disney Pictures', 'Walt Disney Feature Animation']"
292,"The Chronicles of Narnia:The Lion, the Witch and the Wardrobe","['Walt Disney Pictures', 'Walden Media']"
293,Glory Road,"['Walt Disney Pictures', 'Jerry Bruckheimer Films', 'Texas Western Productions', 'Glory Road Productions']"
294,Roving Mars,"['Walt Disney Pictures', 'White Mountain Films', 'The Kennedy/Marshall Company']"
295,Eight Below,"['Walt Disney Pictures', 'Spyglass Entertainment', 'Mandeville Films', 'The Kennedy/Marshall Company']"
296,The Shaggy Dog,"['Walt Disney Pictures', 'Mandeville Films', 'Boxing Cat Films', 'Tollin/Robbins Productions', 'Robert Simonds Productions']"
297,The Wild,"['Walt Disney Pictures', 'Hoytyboy Pictures', 'Sir Zip Productions', 'Contrafilm']"
298,Cars,"['Walt Disney Pictures', 'Pixar Animation Studios']"
299,Pirates of the Caribbean:  Dead Man's Chest,"['Walt Disney Pictures', 'Jerry Bruckheimer Films']"
300,Invincible,"['Walt Disney Pictures', 'Mayhem Pictures']"
301,The Nightmare Before Christmas,"['Touchstone Pictures[note 1]', 'Skellington Productions']"
302,The Santa Clause 3:The Escape Clause,"['Walt Disney Pictures', 'Outlaw Productions', 'Boxing Cat Films']"
303,Bridge to Terabithia,"['Walt Disney Pictures', 'Walden Media', 'Klasky Csupo']"
304,Meet the Robinsons,"['Walt Disney Pictures', 'Walt Disney Animation Studios']"
305,Pirates of the Caribbean:  At World's End,"['Walt Disney Pictures', 'Jerry Bruckheimer Films']"
306,Ratatouille,"['Walt Disney Pictures', 'Pixar Animation Studios']"
307,Underdog,"['Walt Disney Pictures', 'Spyglass Entertainment', 'Classic Media']"
308,The Pixar Story,"['Leslie Iwerks Productions', 'Pixar Animation Studios']"
309,The Game Plan,"['Walt Disney Pictures', 'Mayhem Pictures']"
310,Enchanted,"['Walt Disney Pictures', 'Josephson Entertainment', 'Andalasia Productions', 'Right Coast Productions']"
311,National Treasure: Book of Secrets,"['Walt Disney Pictures', 'Jerry Bruckheimer Films', 'Junction Entertainment', 'Saturn Films']"
312,Hannah Montana and Miley Cyrus:Best of Both Worlds Concert,['Walt Disney Pictures']
313,College Road Trip,"['Walt Disney Pictures', 'Gunn Films', 'Head Gear Films']"
314,The Chronicles of Narnia: Prince Caspian,"['Walt Disney Pictures', 'Walden Media']"
315,WALL-E,"['Walt Disney Pictures', 'Pixar Animation Studios']"
316,Beverly Hills Chihuahua,"['Walt Disney Pictures', 'Mandeville Films', 'Smart Entertainment']"
317,Morning Light,['Walt Disney Pictures']
318,High School Musical 3:  Senior Year,"['Walt Disney Pictures', 'Borden & Rosenbush Entertainment']"
319,Bolt,"['Walt Disney Pictures', 'Walt Disney Animation Studios']"
320,Bedtime Stories,"['Walt Disney Pictures ', 'Happy Madison Productions ', 'Gunn Films ', 'Offspring Entertainment ', 'Conman & Izzy Productions']"
321,The Secret of the Magic Gourd,"['Walt Disney Pictures', 'Centro Digital Pictures Limited']"
322,Jonas Brothers:The 3D Concert Experience,"['Walt Disney Pictures', 'Jonas Films']"
323,Race to Witch Mountain,"['Walt Disney Pictures', 'Gunn Films']"
324,Hannah Montana: The Movie,"['Walt Disney Pictures', ""It's a Laugh Productions"", 'Millar Gough Ink']"
325,Earth,"['BBC Worldwide', 'Greenlight Media', 'Discovery Channel', 'BBC Natural History Unit']"
326,"Trail of the Panda
",
327,Up,"['Walt Disney Pictures', 'Pixar Animation Studios']"
328,Hexe Lilli: Der Drache und das magische Buch,['Walt Disney Pictures']
329,G-Force,"['Walt Disney Pictures', 'Jerry Bruckheimer Films']"
330,Ponyo,['Studio Ghibli']
331,Walt & El Grupo,"['Walt Disney Family Foundation Films', 'Theodore Thomas Productions']"
332,Книга Мастеров,"['The Walt Disney Company CIS (Russia)', 'Trite (Russia)']"
333,A Christmas Carol,"['Walt Disney Pictures', 'ImageMovers Digital']"
334,Old Dogs,"['Walt Disney Pictures', 'Tapestry Films']"
335,The Princess and the Frog,"['Walt Disney Pictures', 'Walt Disney Animation Studios']"
336,Alice in Wonderland,"['Walt Disney Pictures', 'Roth Films', 'The Zanuck Company', 'Team Todd']"
337,Oceans,"['Pathé', 'Participant Media', 'Galatée Films', 'France 2 Cinéma', 'France 3 Cinéma', 'Canal+', 'TPS Star', 'Alfred P. Sloan Foundation', 'Census of Marine Life']"
338,Prince of Persia: The Sands of Time,"['Walt Disney Pictures', 'Jerry Bruckheimer Films']"
339,Toy Story 3,"['Walt Disney Pictures', 'Pixar Animation Studios']"
340,The Sorcerer's Apprentice,"['Walt Disney Pictures', 'Jerry Bruckheimer Films', 'Saturn Films', 'Broken Road Productions']"
341,Tales from Earthsea,['Studio Ghibli']
342,The Crimson Wing: Mystery of the Flamingos,"['Disneynature', 'Natural Light Films', 'Kudos Pictures']"
343,Secretariat,"['Walt Disney Pictures', 'Mayhem Pictures']"
344,Do Dooni Chaar,"['Walt Disney Pictures', 'Disney World Cinema', 'Planman Motion Pictures', 'Walt Disney Pictures India']"
345,Tangled,"['Walt Disney Pictures', 'Walt Disney Animation Studios']"
346,The Boys: The Sherman Brothers' Story,"['Walt Disney Pictures', 'Red Hour Films']"
347,Tron: Legacy,"['Walt Disney Pictures', 'Sean Bailey Productions']"
348,Anaganaga O Dheerudu,"['Disney World Cinema', 'A Bellyful of Dreams Entertainment', 'Arka Media Works', 'Walt Disney Pictures India']"
349,Lilly the Witch:The Journey to Mandolan,['Walt Disney Pictures']
350,Mars Needs Moms,"['Walt Disney Pictures', 'ImageMovers Digital']"
351,Zokkomon,"['Disney World Cinema', 'Walt Disney Pictures India']"
352,African Cats,"['Disneynature', 'Fothergill / Scholey Productions', 'Silverback Films']"
353,Prom,['Walt Disney Pictures']
354,Pirates of the Caribbean:On Stranger Tides,"['Walt Disney Pictures', 'Jerry Bruckheimer Films']"
355,Cars 2,"['Walt Disney Pictures', 'Pixar Animation Studios']"
356,Winnie the Pooh,"['Walt Disney Pictures', 'Walt Disney Animation Studios']"
357,The Muppets,"['Walt Disney Pictures', 'Mandeville Films']"
358,Arrietty,['Studio Ghibli']
359,John Carter,['Walt Disney Pictures']
360,Chimpanzee,"['Disneynature', 'Great Ape Productions']"
361,Arjun: The Warrior Prince,"['Walt Disney Pictures', 'UTV Motion Pictures']"
362,Brave,"['Walt Disney Pictures', 'Pixar Animation Studios']"
363,The Odd Life of Timothy Green,"['Walt Disney Pictures', 'Scott Sanders Productions']"
364,Frankenweenie,"['Walt Disney Pictures', 'Tim Burton Productions']"
365,Wreck-It Ralph,"['Walt Disney Pictures', 'Walt Disney Animation Studios']"
366,Oz the Great and Powerful,"['Walt Disney Pictures', 'Roth Films']"
367,Wings of Life,"['Disneynature', 'Blacklight Films']"
368,Monsters University,"['Walt Disney Pictures', 'Pixar Animation Studios']"
369,The Lone Ranger,"['Walt Disney Pictures', 'Jerry Bruckheimer Films', 'Infinitum Nihil', 'Blind Wink Productions']"
370,Planes,"['Walt Disney Pictures', 'Disneytoon Studios']"
371,Frozen,"['Walt Disney Pictures', 'Walt Disney Animation Studios']"
372,Saving Mr. Banks,"['Walt Disney Pictures', 'Ruby Films', 'Essential Media and Entertainment', 'BBC Films', 'Hopscotch Features']"
373,Muppets Most Wanted,"['Walt Disney Pictures', 'Mandeville Films']"
374,Bears,"['Disneynature', 'Silverback Films']"
375,Million Dollar Arm,"['Walt Disney Pictures', 'Roth Films', 'Mayhem Pictures']"
376,Maleficent,"['Walt Disney Pictures', 'Roth Films']"
377,Planes: Fire & Rescue,"['Walt Disney Pictures', 'Disneytoon Studios']"
378,Khoobsurat,"['Walt Disney Pictures India', 'Anil Kapoor Films Company']"
379,"Alexander and the Terrible, Horrible, No Good, Very Bad Day","['Walt Disney Pictures', '21 Laps Entertainment', 'The Jim Henson Company']"
380,Big Hero 6,"['Walt Disney Pictures', 'Walt Disney Animation Studios']"
381,Into the Woods,"['Walt Disney Pictures', 'Lucamar Productions', 'Marc Platt Productions']"
382,"McFarland, USA","['Walt Disney Pictures', 'Mayhem Pictures']"
383,Cinderella,"['Walt Disney Pictures', 'Kinberg Genre', 'Allison Shearmur Productions', 'Beagle Pug Films']"
384,Monkey Kingdom,"['Disneynature', 'Silverback Films']"
385,Tomorrowland,"['Walt Disney Pictures', 'A113 Productions']"
386,Inside Out,"['Walt Disney Pictures', 'Pixar Animation Studios']"
387,ABCD 2,['Walt Disney Pictures']
388,The Good Dinosaur,"['Walt Disney Pictures', 'Pixar Animation Studios']"
389,The Finest Hours,"['Walt Disney Pictures', 'Whitaker Entertainment', 'Red Hawk Entertainment']"
390,Zootopia,"['Walt Disney Pictures', 'Walt Disney Animation Studios']"
391,The Jungle Book,"['Walt Disney Pictures', 'Fairview Entertainment']"
392,Tini: The Movie,"['The Walt Disney Company Spain', 'Gloriamundi Producciones', 'Lapis Film']"
393,Alice Through the Looking Glass,"['Walt Disney Pictures', 'Roth Films', 'Team Todd', 'Tim Burton Productions']"
394,Finding Dory,"['Walt Disney Pictures', 'Pixar Animation Studios']"
395,The BFG,"['Walt Disney Pictures', 'Amblin Entertainment', 'Reliance Entertainment', 'Walden Media', 'The Kennedy/Marshall Company']"
396,Pete's Dragon,"['Walt Disney Pictures', 'Whitaker Entertainment']"
397,Queen of Katwe,"['Walt Disney Pictures', 'ESPN Films', 'Cine Mosaic', 'Mirabai Films']"
398,Moana,"['Walt Disney Pictures', 'Walt Disney Animation Studios']"
399,"Growing Up Wild
",
400,Dangal,"['Aamir Khan Productions', 'Walt Disney Pictures India']"
401,March of the Penguins,"['Wild Bunch', 'National Geographic Films', 'Bonne Pioche']"
402,Beauty and the Beast,"['Walt Disney Pictures', 'Mandeville Films']"
403,Born in China,"['Disneynature', 'Shanghai Media Group', 'Chuan Films', 'Brian Leith Productions']"
404,Pirates of the Caribbean:Dead Men Tell No Tales,"['Walt Disney Pictures', 'Jerry Bruckheimer Films']"
405,Cars 3,"['Walt Disney Pictures', 'Pixar Animation Studios']"
406,Ghost of the Mountains,"['Disneynature', 'Brian Leith Productions']"
407,Jagga Jasoos,"['Walt Disney Pictures India', 'Picture Shuru Entertainment']"
408,Coco,"['Walt Disney Pictures', 'Pixar Animation Studios']"
409,"Expedition China
",
410,A Wrinkle in Time,"['Walt Disney Pictures', 'Whitaker Entertainment']"
411,Incredibles 2,"['Walt Disney Pictures', 'Pixar Animation Studios']"
412,Christopher Robin,"['Walt Disney Pictures', '2DUX²']"
413,The Nutcracker and the Four Realms,"['Walt Disney Pictures', 'The Mark Gordon Company']"
414,Ralph Breaks the Internet,"['Walt Disney Pictures', 'Walt Disney Animation Studios']"
415,Mary Poppins Returns,"['Walt Disney Pictures', 'Lucamar Productions', 'Marc Platt Productions']"
416,Dumbo,"['Walt Disney Pictures', 'Tim Burton Productions', 'Infinite Detective Productions', 'Secret Machine Entertainment']"
417,Penguins,"['Disneynature', 'Silverback Films']"
418,Aladdin,"['Walt Disney Pictures', 'Rideback']"
419,Toy Story 4,"['Walt Disney Pictures', 'Pixar Animation Studios']"
420,The Lion King,"['Walt Disney Pictures', 'Fairview Entertainment']"
421,Maleficent: Mistress of Evil,"['Walt Disney Pictures', 'Roth/Kirschenbaum Films']"
422,Lady and the Tramp,"['Walt Disney Pictures', 'Taylor Made']"
423,Noelle,['Walt Disney Pictures']
424,Frozen II,"['Walt Disney Pictures', 'Walt Disney Animation Studios']"
425,Togo,['Walt Disney Pictures']
426,Timmy Failure: Mistakes Were Made,"['Walt Disney Pictures', 'Etalon Film', 'Slow Pony Pictures', 'Whitaker Entertainment']"
427,Onward,"['Walt Disney Pictures', 'Pixar Animation Studios']"
428,Stargirl,"['Walt Disney Pictures', 'Gotham Group', 'Hahnscape Entertainment']"
429,Dolphin Reef,['Disneynature']
430,Elephant,['Disneynature']
431,Artemis Fowl,"['Walt Disney Pictures', 'TriBeCa Productions', 'Marzano Films']"
432,Hamilton,"['Walt Disney Pictures', '5000 Broadway Productions', 'Nevis Productions', 'Old 320 Sycamore Pictures', 'RadicalMedia']"
433,Black Is King,"['Parkwood Entertainment', 'Walt Disney Pictures']"
434,Magic Camp,"['Walt Disney Pictures', 'Team Todd']"
435,The One and Only Ivan,"['Walt Disney Pictures', 'Jolie Pas Productions']"
436,Mulan,"['Walt Disney Pictures', 'Jason T. Reed Productions', 'Good Fear Productions']"
437,Godmothered,"['Walt Disney Pictures', 'Secret Machine Entertainment']"
438,Safety,"['Walt Disney Pictures', 'Mayhem Pictures', 'Select Films']"
439,Soul,"['Walt Disney Pictures', 'Pixar Animation Studios']"
440,Flora & Ulysses,"['Walt Disney Pictures', 'Netter Productions']"
441,Raya and the Last Dragon,"['Walt Disney Pictures', 'Walt Disney Animation Studios']"
442,Cruella,"['Walt Disney Pictures', 'Marc Platt Productions', 'Gunn Films']"
443,Luca,"['Walt Disney Pictures', 'Pixar Animation Studios']"
444,Jungle Cruise,"['Walt Disney Pictures', 'Davis Entertainment', 'Seven Bucks Productions', 'Flynn Picture Company']"
